{"cameraMode":{"drawMode":0,"name":"Shaded","section":"Shading Mode"},"sceneLighting":true,"audioPlay":false,"sceneViewState":{"m_AlwaysRefresh":false,"showFog":true,"showSkybox":true,"showFlares":true,"showImageEffects":true,"showParticleSystems":true,"showVisualEffectGraphs":true,"m_FxEnabled":true},"in2DMode":false,"pivot":{"x":0.41680142283439639,"y":2.4011998176574709,"z":0.38301801681518557},"rotation":{"x":0.020731192082166673,"y":0.7466741800308228,"z":0.023296013474464418,"w":-0.664454996585846},"size":2.3241631984710695,"orthographic":false}