{"cameraMode":{"drawMode":0,"name":"Shaded","section":"Shading Mode"},"sceneLighting":false,"audioPlay":false,"sceneViewState":{"m_AlwaysRefresh":false,"showFog":true,"showSkybox":false,"showFlares":true,"showImageEffects":true,"showParticleSystems":true,"showVisualEffectGraphs":true,"m_FxEnabled":true},"in2DMode":false,"pivot":{"x":0.30149322748184206,"y":1.6346542835235596,"z":-1.0327696800231934},"rotation":{"x":0.001793986652046442,"y":0.9976129531860352,"z":-0.06293410807847977,"w":0.028439627960324289},"size":2.2276062965393068,"orthographic":false}